<window>
	<defaultcontrol always="true">110</defaultcontrol>
	<allowoverlay>yes</allowoverlay>
	<coordinates>
		<system>1</system>
		<posx>120</posx>
		<posy>70</posy>
	</coordinates>
	<controls>
		<control type="image">
			<posx>0</posx>
			<posy>0</posy>
			<width>960</width>
			<height>540</height>
			<texture>slurpee-background-dialog.png</texture>
			<animation effect="fade" time="200">WindowOpen</animation>
			<animation effect="fade" time="200">WindowClose</animation>
		</control>
		<control type="label">
			<description>textarea</description>
			<posx>0</posx>
			<posy>0</posy>
			<width>960</width>
			<height>30</height>
			<visible>true</visible>
			<label>$ADDON[script.slurpee 32200]</label>
			<font>font11</font>
			<textcolor>white</textcolor>
			<align>center</align>
			<animation effect="fade" time="200">WindowOpen</animation>
			<animation effect="fade" time="200">WindowClose</animation>
		</control>
		<control type="list" id="110">
			<description>Attribute List</description>
			<posx>20</posx>
			<posy>40</posy>
			<width>940</width>
			<height>450</height>
			<viewtype label="Show List">list</viewtype>
			<orientation>vertical</orientation>
			<visible>true</visible>
			<onleft>101</onleft>
			<onright>101</onright>
			<onup>101</onup>
			<ondown>101</ondown>
			<itemlayout width="940" height="30">
				<control type="image">
					<posx>0</posx>
					<posy>0</posy>
					<width>940</width>
					<height>30</height>
					<texture>slurpee-list-bg.png</texture>
				</control>
				<control type="label">
					<posx>0</posx>
					<posy>0</posy>
					<width>240</width>
					<height>30</height>
					<label>$INFO[ListItem.label]</label>
					<scroll>true</scroll>
				</control>
				<control type="label">
					<posx>240</posx>
					<posy>0</posy>
					<width>700</width>
					<height>30</height>
					<label>$INFO[ListItem.label2]</label>
					<scroll>true</scroll>
				</control>
			</itemlayout>
			<focusedlayout width="940" height="30">
				<control type="image">
					<posx>0</posx>
					<posy>0</posy>
					<width>940</width>
					<height>30</height>
					<visible>Control.HasFocus(110)</visible>
					<texture border="5">slurpee-list-bg-selected.png</texture>
				</control>
				<control type="image">
					<posx>0</posx>
					<posy>0</posy>
					<width>940</width>
					<height>30</height>
					<visible>!Control.HasFocus(110)</visible>
					<texture border="5">slurpee-list-bg-selected-nofocus.png</texture>
				</control>
				<control type="label">
					<posx>0</posx>
					<posy>0</posy>
					<width>240</width>
					<height>30</height>
					<label>$INFO[ListItem.label]</label>
					<scroll>true</scroll>
				</control>
				<control type="label">
					<posx>240</posx>
					<posy>0</posy>
					<width>700</width>
					<height>30</height>
					<label>$INFO[ListItem.label2]</label>
					<scroll>true</scroll>
				</control>
			</focusedlayout>
		</control>

		<control type="group">
		    <posx>0</posx>
			<posy>480</posy>
		    <control type="button" id="101">
		    	<description>Save</description>
		    	<posx>40</posx>
		    	<posy>0</posy>
		    	<height>45</height>
		    	<width>173</width>
		    	<align>center</align>
				<aligny>center</aligny>
		    	<label>$ADDON[script.slurpee 32102]</label>
		    	<font>font11</font>
		    	<onup>110</onup>
		    	<onright>102</onright>
		    	<onleft>102</onleft>
		    	<texturefocus>slurpee-button-focus.png</texturefocus>
		    	<texturenofocus>slurpee-button-nofocus.png</texturenofocus>
		    </control>
			<control type="button" id="102">
				<description>Delete</description>
				<posx>747</posx>
				<posy>0</posy>
				<height>45</height>
				<width>173</width>
				<align>center</align>
				<aligny>center</aligny>
				<label>$ADDON[script.slurpee 32103]</label>
				<font>font11</font>
				<onright>101</onright>
                <onleft>101</onleft>
				<onup>110</onup>
		    	<texturefocus>slurpee-button-focus.png</texturefocus>
		    	<texturenofocus>slurpee-button-nofocus.png</texturenofocus>
			</control>
		</control>
	</controls>
</window>
