<?xml version="1.0" encoding="UTF-8" standalone="yes"?>
<addon id="script.slurpee"
       name="Slurpee"
       version="0.9.9"
       provider-name="CorvustKodi">
  <requires>
    <import addon="xbmc.python" version="2.14.0"/>
    <import addon="script.module.requests" version="2.18.4"/>
    <import addon="script.module.beautifulsoup" version="3.2.1"/>
    <import addon="script.module.six" version="1.9.0"/>
  </requires>
  <extension point="xbmc.python.script"
             library="default.py" />
  <extension point="xbmc.service"
             library="service.py" start="startup" />
  <extension point="xbmc.addon.metadata">
    <summary lang="en">An interface to managing automatic episode downloads.</summary>
    <description lang="en">Provides a nice interface for setting up automatic downloads of your favourite legally availabe shows.</description>
    <platform>all</platform>
  </extension>
  <extension point="xbmc.addon.repository" name="Corvust Addons">
        <info compressed="false">https://raw.githubusercontent.com/corvustkodi/repository.corvust/master/addons.xml</info>
        <checksum>https://raw.githubusercontent.com/corvustkodi/repository.corvust/master/addons.xml.md5</checksum>
        <datadir zip="true">https://raw.githubusercontent.com/corvustkodi/repository.corvust/master</datadir>
  </extension>
</addon>
