<?xml version="1.0" encoding="UTF-8" standalone="yes"?>
<addon id="repository.corvust"
       name="Corvust Addons"
       version="0.9.5"
       provider-name="CorvustKodi">
    <extension point="xbmc.addon.repository" name="Corvust Addons">
        <info compressed="false">https://raw.githubusercontent.com/corvustkodi/repository.corvust/master/addons.xml</info>
        <checksum>https://raw.githubusercontent.com/corvustkodi/repository.corvust/master/addons.xml.md5</checksum>
        <datadir zip="true">https://raw.githubusercontent.com/corvustkodi/repository.corvust/master</datadir>
    </extension>
    <extension point="xbmc.addon.metadata">
        <summary>Kodi Addons by Corvust</summary>
        <description>This repository contains addons that are distributed for use in Corvust media centres.</description>
        <disclaimer>The owners and submitters to this repository assume no responsibility for damages, data-loss, or frustration caused by the use of these addons. Use at your own risk.</disclaimer>
        <platform>all</platform>
    </extension>
</addon>
